persona_id,converted,advisor_routed,abandoned,terminal_step,interventions_shown,interventions_accepted,steps_visited
franz,0,0,1,abandoned,0,0,5
franz,0,0,1,abandoned,0,0,5
franz,0,0,1,abandoned,0,0,6
franz,0,0,1,abandoned,0,0,4
franz,0,1,0,advisor_routed,0,0,1
franz,0,0,1,abandoned,0,0,4
franz,0,0,1,abandoned,0,0,4
franz,0,0,1,abandoned,0,0,4
franz,0,0,1,abandoned,0,0,7
franz,1,0,0,converted,0,0,9
franz,0,0,1,abandoned,0,0,3
franz,0,0,1,abandoned,0,0,5
franz,0,0,1,abandoned,0,0,4
franz,0,0,1,abandoned,0,0,4
franz,0,0,1,abandoned,0,0,5
franz,0,0,1,abandoned,0,0,4
franz,0,0,1,abandoned,0,0,4
franz,0,0,1,abandoned,0,0,8
franz,0,0,1,abandoned,0,0,4
franz,0,0,1,abandoned,0,0,4
franz,0,1,0,advisor_routed,0,0,1
franz,0,0,1,abandoned,0,0,4
franz,0,0,1,abandoned,0,0,4
franz,0,0,1,abandoned,0,0,4
franz,0,0,1,abandoned,0,0,4
franz,0,0,1,abandoned,0,0,5
franz,0,0,1,abandoned,0,0,7
franz,0,0,1,abandoned,0,0,5
franz,0,0,1,abandoned,0,0,7
franz,0,0,1,abandoned,0,0,5
franz,0,0,1,abandoned,0,0,7
franz,0,0,1,abandoned,0,0,7
franz,0,0,1,abandoned,0,0,8
franz,0,0,1,abandoned,0,0,5
franz,0,0,1,abandoned,0,0,4
franz,0,1,0,advisor_routed,0,0,1
franz,0,0,1,abandoned,0,0,4
franz,0,0,1,abandoned,0,0,6
franz,0,0,1,abandoned,0,0,4
franz,0,0,1,abandoned,0,0,4
franz,0,0,1,abandoned,0,0,4
franz,0,0,1,abandoned,0,0,5
franz,1,0,0,converted,0,0,8
franz,0,0,1,abandoned,0,0,5
franz,0,0,1,abandoned,0,0,4
franz,0,0,1,abandoned,0,0,4
franz,0,0,1,abandoned,0,0,4
franz,0,0,1,abandoned,0,0,4
franz,0,0,1,abandoned,0,0,5
franz,0,0,1,abandoned,0,0,4
franz,0,0,1,abandoned,0,0,4
franz,0,0,1,abandoned,0,0,4
franz,0,1,0,advisor_routed,0,0,1
franz,0,0,1,abandoned,0,0,4
franz,0,0,1,abandoned,0,0,5
franz,0,0,1,abandoned,0,0,7
franz,0,0,1,abandoned,0,0,4
franz,0,0,1,abandoned,0,0,4
franz,0,0,1,abandoned,0,0,4
franz,0,0,1,abandoned,0,0,5
franz,0,0,1,abandoned,0,0,8
franz,0,0,1,abandoned,0,0,4
franz,0,0,1,abandoned,0,0,4
franz,0,1,0,advisor_routed,0,0,1
franz,0,0,1,abandoned,0,0,4
franz,0,0,1,abandoned,0,0,7
franz,0,0,1,abandoned,0,0,7
franz,0,0,1,abandoned,0,0,4
franz,0,0,1,abandoned,0,0,4
franz,0,0,1,abandoned,0,0,4
franz,0,0,1,abandoned,0,0,4
franz,0,0,1,abandoned,0,0,4
franz,0,0,1,abandoned,0,0,5
franz,0,0,1,abandoned,0,0,5
franz,0,0,1,abandoned,0,0,4
franz,0,0,1,abandoned,0,0,8
franz,0,0,1,abandoned,0,0,4
franz,0,0,1,abandoned,0,0,5
franz,0,0,1,abandoned,0,0,4
franz,0,0,1,abandoned,0,0,4
franz,0,0,1,abandoned,0,0,7
franz,0,0,1,abandoned,0,0,5
franz,0,0,1,abandoned,0,0,4
franz,1,0,0,converted,0,0,9
franz,0,0,1,abandoned,0,0,8
franz,0,0,1,abandoned,0,0,7
franz,0,0,1,abandoned,0,0,5
franz,0,0,1,abandoned,0,0,4
franz,0,0,1,abandoned,0,0,4
franz,0,0,1,abandoned,0,0,8
franz,1,0,0,converted,0,0,8
franz,0,0,1,abandoned,0,0,4
franz,0,0,1,abandoned,0,0,5
franz,0,0,1,abandoned,0,0,4
franz,0,0,1,abandoned,0,0,4
franz,0,0,1,abandoned,0,0,3
franz,0,0,1,abandoned,0,0,5
franz,0,0,1,abandoned,0,0,5
franz,0,0,1,abandoned,0,0,5
franz,0,0,1,abandoned,0,0,4
franz,1,0,0,converted,0,0,8
franz,0,0,1,abandoned,0,0,5
franz,0,0,1,abandoned,0,0,4
franz,0,0,1,abandoned,0,0,4
franz,0,0,1,abandoned,0,0,5
franz,0,0,1,abandoned,0,0,5
franz,0,0,1,abandoned,0,0,4
franz,0,0,1,abandoned,0,0,4
franz,0,0,1,abandoned,0,0,5
franz,0,0,1,abandoned,0,0,4
franz,0,1,0,advisor_routed,0,0,2
franz,0,0,1,abandoned,0,0,4
franz,0,1,0,advisor_routed,0,0,1
franz,0,0,1,abandoned,0,0,3
franz,0,0,1,abandoned,0,0,7
franz,0,0,1,abandoned,0,0,5
franz,0,0,1,abandoned,0,0,3
franz,0,0,1,abandoned,0,0,7
franz,0,0,1,abandoned,0,0,7
franz,0,0,1,abandoned,0,0,6
franz,0,0,1,abandoned,0,0,4
franz,0,0,1,abandoned,0,0,4
franz,0,0,1,abandoned,0,0,7
franz,0,0,1,abandoned,0,0,6
franz,0,1,0,advisor_routed,0,0,1
franz,0,0,1,abandoned,0,0,4
franz,0,0,1,abandoned,0,0,5
franz,0,0,1,abandoned,0,0,7
franz,0,0,1,abandoned,0,0,4
franz,0,0,1,abandoned,0,0,4
franz,0,0,1,abandoned,0,0,4
franz,0,0,1,abandoned,0,0,7
franz,0,0,1,abandoned,0,0,7
franz,0,0,1,abandoned,0,0,4
franz,0,0,1,abandoned,0,0,7
franz,0,0,1,abandoned,0,0,4
franz,0,0,1,abandoned,0,0,5
franz,0,0,1,abandoned,0,0,4
franz,0,0,1,abandoned,0,0,7
franz,0,0,1,abandoned,0,0,4
franz,0,0,1,abandoned,0,0,5
franz,0,0,1,abandoned,0,0,3
franz,0,0,1,abandoned,0,0,4
franz,0,0,1,abandoned,0,0,4
franz,0,0,1,abandoned,0,0,4
franz,0,0,1,abandoned,0,0,4
franz,0,0,1,abandoned,0,0,4
franz,0,0,1,abandoned,0,0,4
franz,0,0,1,abandoned,0,0,4
franz,0,0,1,abandoned,0,0,8
franz,1,0,0,converted,0,0,8
franz,0,0,1,abandoned,0,0,5
franz,0,0,1,abandoned,0,0,4
franz,0,0,1,abandoned,0,0,4
franz,0,0,1,abandoned,0,0,5
franz,0,0,1,abandoned,0,0,8
franz,0,1,0,advisor_routed,0,0,2
franz,0,0,1,abandoned,0,0,4
franz,0,0,1,abandoned,0,0,5
franz,0,0,1,abandoned,0,0,4
franz,0,0,1,abandoned,0,0,4
franz,0,0,1,abandoned,0,0,4
franz,0,0,1,abandoned,0,0,5
franz,0,0,1,abandoned,0,0,4
franz,0,0,1,abandoned,0,0,5
franz,0,0,1,abandoned,0,0,4
franz,0,0,1,abandoned,0,0,5
franz,0,0,1,abandoned,0,0,5
franz,0,0,1,abandoned,0,0,7
franz,0,0,1,abandoned,0,0,5
franz,0,0,1,abandoned,0,0,4
franz,0,0,1,abandoned,0,0,4
franz,0,1,0,advisor_routed,0,0,1
franz,0,0,1,abandoned,0,0,7
franz,0,0,1,abandoned,0,0,8
franz,0,0,1,abandoned,0,0,3
franz,0,0,1,abandoned,0,0,7
franz,0,0,1,abandoned,0,0,5
franz,0,0,1,abandoned,0,0,4
franz,0,0,1,abandoned,0,0,4
franz,0,0,1,abandoned,0,0,7
franz,0,0,1,abandoned,0,0,7
franz,0,0,1,abandoned,0,0,4
franz,0,0,1,abandoned,0,0,4
franz,0,0,1,abandoned,0,0,7
franz,0,0,1,abandoned,0,0,5
franz,0,0,1,abandoned,0,0,5
franz,1,0,0,converted,0,0,9
franz,0,1,0,advisor_routed,0,0,1
franz,0,0,1,abandoned,0,0,4
franz,0,0,1,abandoned,0,0,4
franz,0,0,1,abandoned,0,0,5
franz,0,0,1,abandoned,0,0,4
franz,1,0,0,converted,0,0,8
franz,0,0,1,abandoned,0,0,4
franz,0,0,1,abandoned,0,0,4
franz,0,0,1,abandoned,0,0,7
franz,0,0,1,abandoned,0,0,4
franz,0,0,1,abandoned,0,0,4
franz,0,0,1,abandoned,0,0,7
franz,0,0,1,abandoned,0,0,4
franz,0,0,1,abandoned,0,0,4
franz,0,0,1,abandoned,0,0,4
franz,1,0,0,converted,0,0,8
franz,0,0,1,abandoned,0,0,4
franz,0,0,1,abandoned,0,0,4
franz,0,0,1,abandoned,0,0,5
franz,0,1,0,advisor_routed,0,0,1
franz,0,0,1,abandoned,0,0,4
franz,0,1,0,advisor_routed,0,0,1
franz,0,0,1,abandoned,0,0,5
franz,0,0,1,abandoned,0,0,8
franz,0,0,1,abandoned,0,0,5
franz,0,0,1,abandoned,0,0,7
franz,0,1,0,advisor_routed,0,0,2
franz,0,0,1,abandoned,0,0,4
franz,0,0,1,abandoned,0,0,4
franz,0,0,1,abandoned,0,0,7
franz,0,1,0,advisor_routed,0,0,2
franz,0,0,1,abandoned,0,0,8
franz,0,0,1,abandoned,0,0,5
franz,0,0,1,abandoned,0,0,4
franz,0,0,1,abandoned,0,0,4
franz,0,0,1,abandoned,0,0,8
franz,0,0,1,abandoned,0,0,5
franz,0,0,1,abandoned,0,0,5
franz,0,0,1,abandoned,0,0,4
franz,0,0,1,abandoned,0,0,4
franz,0,0,1,abandoned,0,0,4
franz,0,0,1,abandoned,0,0,4
franz,0,0,1,abandoned,0,0,4
franz,0,0,1,abandoned,0,0,4
franz,0,1,0,advisor_routed,0,0,1
franz,0,0,1,abandoned,0,0,4
franz,0,0,1,abandoned,0,0,4
franz,0,0,1,abandoned,0,0,5
franz,0,1,0,advisor_routed,0,0,1
franz,0,0,1,abandoned,0,0,3
franz,0,0,1,abandoned,0,0,5
franz,0,0,1,abandoned,0,0,5
franz,0,0,1,abandoned,0,0,4
franz,0,0,1,abandoned,0,0,4
franz,0,0,1,abandoned,0,0,4
franz,0,0,1,abandoned,0,0,4
franz,0,0,1,abandoned,0,0,4
franz,0,0,1,abandoned,0,0,4
franz,0,0,1,abandoned,0,0,4
franz,0,0,1,abandoned,0,0,5
franz,0,0,1,abandoned,0,0,4
franz,0,0,1,abandoned,0,0,4
franz,0,0,1,abandoned,0,0,5
franz,0,0,1,abandoned,0,0,7
franz,0,0,1,abandoned,0,0,4
franz,0,0,1,abandoned,0,0,4
franz,0,0,1,abandoned,0,0,4
franz,0,0,1,abandoned,0,0,4
franz,0,1,0,advisor_routed,0,0,2
franz,0,1,0,advisor_routed,0,0,1
franz,0,0,1,abandoned,0,0,4
franz,0,0,1,abandoned,0,0,4
franz,0,0,1,abandoned,0,0,4
franz,0,0,1,abandoned,0,0,5
franz,0,0,1,abandoned,0,0,4
franz,0,0,1,abandoned,0,0,4
franz,0,0,1,abandoned,0,0,4
franz,0,0,1,abandoned,0,0,5
franz,0,0,1,abandoned,0,0,4
franz,0,0,1,abandoned,0,0,8
franz,0,0,1,abandoned,0,0,4
franz,0,0,1,abandoned,0,0,4
franz,0,0,1,abandoned,0,0,5
franz,0,0,1,abandoned,0,0,7
franz,0,0,1,abandoned,0,0,4
franz,0,0,1,abandoned,0,0,4
franz,0,0,1,abandoned,0,0,3
franz,0,0,1,abandoned,0,0,4
franz,0,0,1,abandoned,0,0,5
franz,0,0,1,abandoned,0,0,5
franz,1,0,0,converted,0,0,8
franz,0,0,1,abandoned,0,0,4
franz,0,0,1,abandoned,0,0,5
franz,0,0,1,abandoned,0,0,4
franz,0,0,1,abandoned,0,0,5
franz,0,0,1,abandoned,0,0,4
franz,0,0,1,abandoned,0,0,7
franz,0,0,1,abandoned,0,0,4
franz,0,0,1,abandoned,0,0,4
franz,0,0,1,abandoned,0,0,4
franz,0,0,1,abandoned,0,0,4
franz,0,0,1,abandoned,0,0,8
franz,0,0,1,abandoned,0,0,5
franz,0,0,1,abandoned,0,0,5
franz,0,0,1,abandoned,0,0,7
franz,0,0,1,abandoned,0,0,4
franz,0,0,1,abandoned,0,0,4
franz,0,0,1,abandoned,0,0,4
franz,0,0,1,abandoned,0,0,4
franz,0,0,1,abandoned,0,0,4
franz,0,0,1,abandoned,0,0,4
franz,0,0,1,abandoned,0,0,4
franz,0,0,1,abandoned,0,0,4
franz,0,0,1,abandoned,0,0,4
franz,0,0,1,abandoned,0,0,8
franz,0,0,1,abandoned,0,0,4
franz,0,0,1,abandoned,0,0,4
franz,0,1,0,advisor_routed,0,0,1
franz,0,0,1,abandoned,0,0,8
franz,0,0,1,abandoned,0,0,7
franz,0,0,1,abandoned,0,0,4
franz,0,1,0,advisor_routed,0,0,1
franz,0,0,1,abandoned,0,0,5
franz,0,0,1,abandoned,0,0,5
franz,0,0,1,abandoned,0,0,4
franz,0,0,1,abandoned,0,0,7
franz,0,0,1,abandoned,0,0,4
franz,0,0,1,abandoned,0,0,4
franz,0,1,0,advisor_routed,0,0,2
franz,0,0,1,abandoned,0,0,6
franz,1,0,0,converted,0,0,9
franz,0,0,1,abandoned,0,0,5
franz,0,0,1,abandoned,0,0,5
franz,0,0,1,abandoned,0,0,5
franz,0,0,1,abandoned,0,0,7
franz,0,0,1,abandoned,0,0,7
franz,0,0,1,abandoned,0,0,4
franz,0,0,1,abandoned,0,0,4
franz,0,0,1,abandoned,0,0,5
franz,0,0,1,abandoned,0,0,4
franz,0,1,0,advisor_routed,0,0,2
franz,0,0,1,abandoned,0,0,4
franz,0,0,1,abandoned,0,0,7
franz,0,0,1,abandoned,0,0,5
franz,0,0,1,abandoned,0,0,5
franz,0,0,1,abandoned,0,0,4
franz,0,0,1,abandoned,0,0,3
franz,0,0,1,abandoned,0,0,4
franz,0,0,1,abandoned,0,0,5
franz,0,0,1,abandoned,0,0,5
franz,0,0,1,abandoned,0,0,7
franz,0,0,1,abandoned,0,0,4
franz,0,0,1,abandoned,0,0,7
franz,0,0,1,abandoned,0,0,5
franz,0,0,1,abandoned,0,0,5
franz,1,0,0,converted,0,0,9
franz,0,0,1,abandoned,0,0,4
franz,0,1,0,advisor_routed,0,0,2
franz,0,0,1,abandoned,0,0,6
franz,0,0,1,abandoned,0,0,5
franz,0,1,0,advisor_routed,0,0,1
franz,0,0,1,abandoned,0,0,5
franz,0,0,1,abandoned,0,0,6
franz,1,0,0,converted,0,0,8
franz,0,0,1,abandoned,0,0,8
franz,0,0,1,abandoned,0,0,5
franz,0,1,0,advisor_routed,0,0,1
franz,0,0,1,abandoned,0,0,4
franz,0,0,1,abandoned,0,0,4
franz,1,0,0,converted,0,0,8
franz,0,0,1,abandoned,0,0,5
franz,0,0,1,abandoned,0,0,4
franz,0,0,1,abandoned,0,0,4
franz,0,0,1,abandoned,0,0,5
franz,0,0,1,abandoned,0,0,4
franz,0,0,1,abandoned,0,0,7
franz,0,0,1,abandoned,0,0,7
franz,0,1,0,advisor_routed,0,0,1
franz,0,0,1,abandoned,0,0,7
franz,0,0,1,abandoned,0,0,4
franz,0,0,1,abandoned,0,0,7
franz,0,0,1,abandoned,0,0,4
franz,0,0,1,abandoned,0,0,5
franz,0,0,1,abandoned,0,0,7
franz,0,0,1,abandoned,0,0,7
franz,0,0,1,abandoned,0,0,4
franz,0,0,1,abandoned,0,0,5
franz,0,0,1,abandoned,0,0,4
franz,0,0,1,abandoned,0,0,5
franz,0,0,1,abandoned,0,0,7
franz,0,0,1,abandoned,0,0,5
franz,0,0,1,abandoned,0,0,5
franz,0,0,1,abandoned,0,0,4
franz,0,0,1,abandoned,0,0,4
franz,0,0,1,abandoned,0,0,5
franz,0,0,1,abandoned,0,0,4
franz,0,0,1,abandoned,0,0,4
franz,0,0,1,abandoned,0,0,4
franz,0,0,1,abandoned,0,0,4
franz,0,0,1,abandoned,0,0,4
franz,0,0,1,abandoned,0,0,4
franz,0,0,1,abandoned,0,0,4
franz,0,0,1,abandoned,0,0,8
franz,0,0,1,abandoned,0,0,4
franz,0,0,1,abandoned,0,0,5
franz,0,0,1,abandoned,0,0,4
franz,0,0,1,abandoned,0,0,4
franz,0,0,1,abandoned,0,0,4
franz,0,0,1,abandoned,0,0,5
franz,0,0,1,abandoned,0,0,5
franz,0,0,1,abandoned,0,0,4
franz,0,0,1,abandoned,0,0,7
franz,0,0,1,abandoned,0,0,8
franz,0,0,1,abandoned,0,0,5
franz,0,0,1,abandoned,0,0,4
franz,0,0,1,abandoned,0,0,4
franz,0,0,1,abandoned,0,0,4
franz,0,0,1,abandoned,0,0,7
franz,0,0,1,abandoned,0,0,4
franz,0,0,1,abandoned,0,0,4
franz,1,0,0,converted,0,0,8
franz,0,0,1,abandoned,0,0,5
franz,0,0,1,abandoned,0,0,5
franz,0,0,1,abandoned,0,0,4
franz,0,0,1,abandoned,0,0,7
franz,0,0,1,abandoned,0,0,4
franz,0,0,1,abandoned,0,0,5
franz,0,0,1,abandoned,0,0,7
franz,0,0,1,abandoned,0,0,8
franz,0,0,1,abandoned,0,0,4
franz,0,1,0,advisor_routed,0,0,1
franz,0,0,1,abandoned,0,0,3
franz,0,0,1,abandoned,0,0,3
franz,0,0,1,abandoned,0,0,4
franz,0,0,1,abandoned,0,0,5
franz,0,0,1,abandoned,0,0,4
franz,0,0,1,abandoned,0,0,5
franz,0,0,1,abandoned,0,0,8
franz,0,0,1,abandoned,0,0,4
franz,0,0,1,abandoned,0,0,4
franz,0,0,1,abandoned,0,0,7
franz,0,0,1,abandoned,0,0,4
franz,0,0,1,abandoned,0,0,4
franz,0,0,1,abandoned,0,0,4
franz,0,0,1,abandoned,0,0,4
franz,0,0,1,abandoned,0,0,5
franz,0,0,1,abandoned,0,0,4
franz,0,0,1,abandoned,0,0,5
franz,0,0,1,abandoned,0,0,5
franz,0,0,1,abandoned,0,0,4
franz,0,0,1,abandoned,0,0,4
franz,0,0,1,abandoned,0,0,5
franz,0,0,1,abandoned,0,0,5
franz,0,0,1,abandoned,0,0,7
franz,0,0,1,abandoned,0,0,4
franz,0,0,1,abandoned,0,0,4
franz,0,0,1,abandoned,0,0,5
franz,0,0,1,abandoned,0,0,4
franz,0,0,1,abandoned,0,0,5
franz,0,0,1,abandoned,0,0,4
franz,0,0,1,abandoned,0,0,5
franz,0,0,1,abandoned,0,0,4
franz,0,0,1,abandoned,0,0,5
franz,0,0,1,abandoned,0,0,5
franz,0,0,1,abandoned,0,0,5
franz,0,0,1,abandoned,0,0,4
franz,0,0,1,abandoned,0,0,5
franz,0,0,1,abandoned,0,0,8
franz,0,0,1,abandoned,0,0,4
franz,0,0,1,abandoned,0,0,7
franz,0,0,1,abandoned,0,0,4
franz,0,1,0,advisor_routed,0,0,1
franz,0,0,1,abandoned,0,0,4
franz,0,0,1,abandoned,0,0,4
franz,0,0,1,abandoned,0,0,5
franz,0,0,1,abandoned,0,0,7
franz,0,0,1,abandoned,0,0,4
franz,0,0,1,abandoned,0,0,7
franz,0,0,1,abandoned,0,0,5
franz,0,0,1,abandoned,0,0,5
franz,0,0,1,abandoned,0,0,4
franz,0,0,1,abandoned,0,0,4
franz,0,0,1,abandoned,0,0,7
franz,0,0,1,abandoned,0,0,4
franz,1,0,0,converted,0,0,8
franz,0,0,1,abandoned,0,0,5
franz,0,0,1,abandoned,0,0,5
franz,0,0,1,abandoned,0,0,4
franz,0,0,1,abandoned,0,0,4
franz,0,0,1,abandoned,0,0,5
franz,0,0,1,abandoned,0,0,4
franz,0,0,1,abandoned,0,0,4
franz,0,0,1,abandoned,0,0,4
franz,0,0,1,abandoned,0,0,5
franz,0,0,1,abandoned,0,0,5
franz,0,0,1,abandoned,0,0,4
franz,0,0,1,abandoned,0,0,4
franz,0,0,1,abandoned,0,0,6
franz,0,0,1,abandoned,0,0,7
franz,1,0,0,converted,0,0,8
franz,0,0,1,abandoned,0,0,3
franz,0,0,1,abandoned,0,0,4
franz,0,0,1,abandoned,0,0,7
franz,0,0,1,abandoned,0,0,5
franz,0,0,1,abandoned,0,0,3
franz,0,0,1,abandoned,0,0,4
franz,0,0,1,abandoned,0,0,4
franz,0,0,1,abandoned,0,0,7
franz,0,0,1,abandoned,0,0,3
franz,0,0,1,abandoned,0,0,5
franz,0,0,1,abandoned,0,0,4
franz,0,0,1,abandoned,0,0,4
judith,0,0,1,abandoned,0,0,3
judith,0,0,1,abandoned,0,0,4
judith,1,0,0,converted,0,0,8
judith,1,0,0,converted,0,0,8
judith,0,0,1,abandoned,0,0,5
judith,0,0,1,abandoned,0,0,4
judith,0,0,1,abandoned,0,0,4
judith,0,0,1,abandoned,0,0,6
judith,0,0,1,abandoned,0,0,5
judith,0,0,1,abandoned,0,0,5
judith,0,0,1,abandoned,0,0,8
judith,0,0,1,abandoned,0,0,4
judith,0,0,1,abandoned,0,0,4
judith,0,0,1,abandoned,0,0,7
judith,0,0,1,abandoned,0,0,7
judith,0,1,0,advisor_routed,0,0,1
judith,1,0,0,converted,0,0,8
judith,0,0,1,abandoned,0,0,4
judith,0,0,1,abandoned,0,0,4
judith,0,1,0,advisor_routed,0,0,1
judith,0,0,1,abandoned,0,0,4
judith,0,0,1,abandoned,0,0,4
judith,0,0,1,abandoned,0,0,4
judith,0,0,1,abandoned,0,0,8
judith,0,0,1,abandoned,0,0,8
judith,0,0,1,abandoned,0,0,5
judith,0,0,1,abandoned,0,0,5
judith,0,0,1,abandoned,0,0,8
judith,0,1,0,advisor_routed,0,0,2
judith,0,0,1,abandoned,0,0,7
judith,0,0,1,abandoned,0,0,4
judith,0,1,0,advisor_routed,0,0,2
judith,0,0,1,abandoned,0,0,4
judith,0,0,1,abandoned,0,0,5
judith,1,0,0,converted,0,0,9
judith,0,0,1,abandoned,0,0,4
judith,0,0,1,abandoned,0,0,4
judith,0,0,1,abandoned,0,0,5
judith,0,1,0,advisor_routed,0,0,2
judith,0,0,1,abandoned,0,0,5
judith,0,1,0,advisor_routed,0,0,1
judith,0,1,0,advisor_routed,0,0,1
judith,0,1,0,advisor_routed,0,0,1
judith,0,0,1,abandoned,0,0,5
judith,0,0,1,abandoned,0,0,3
judith,0,0,1,abandoned,0,0,3
judith,0,1,0,advisor_routed,0,0,1
judith,0,0,1,abandoned,0,0,8
judith,0,0,1,abandoned,0,0,5
judith,0,0,1,abandoned,0,0,4
judith,0,0,1,abandoned,0,0,3
judith,0,0,1,abandoned,0,0,5
judith,0,0,1,abandoned,0,0,8
judith,0,0,1,abandoned,0,0,5
judith,0,0,1,abandoned,0,0,5
judith,0,0,1,abandoned,0,0,5
judith,0,0,1,abandoned,0,0,5
judith,0,0,1,abandoned,0,0,5
judith,0,0,1,abandoned,0,0,3
judith,0,0,1,abandoned,0,0,5
judith,0,0,1,abandoned,0,0,6
judith,1,0,0,converted,0,0,8
judith,0,0,1,abandoned,0,0,3
judith,0,1,0,advisor_routed,0,0,2
judith,0,0,1,abandoned,0,0,4
judith,0,1,0,advisor_routed,0,0,2
judith,0,0,1,abandoned,0,0,3
judith,0,1,0,advisor_routed,0,0,1
judith,0,0,1,abandoned,0,0,5
judith,0,1,0,advisor_routed,0,0,2
judith,0,0,1,abandoned,0,0,5
judith,0,1,0,advisor_routed,0,0,1
judith,0,1,0,advisor_routed,0,0,1
judith,0,0,1,abandoned,0,0,4
judith,0,0,1,abandoned,0,0,7
judith,0,0,1,abandoned,0,0,4
judith,0,0,1,abandoned,0,0,5
judith,0,0,1,abandoned,0,0,4
judith,0,0,1,abandoned,0,0,4
judith,0,0,1,abandoned,0,0,3
judith,0,0,1,abandoned,0,0,4
judith,1,0,0,converted,0,0,9
judith,0,0,1,abandoned,0,0,5
judith,0,0,1,abandoned,0,0,6
judith,0,0,1,abandoned,0,0,5
judith,0,0,1,abandoned,0,0,5
judith,0,0,1,abandoned,0,0,4
judith,0,0,1,abandoned,0,0,4
judith,0,0,1,abandoned,0,0,3
judith,0,1,0,advisor_routed,0,0,1
judith,0,0,1,abandoned,0,0,8
judith,0,0,1,abandoned,0,0,3
judith,1,0,0,converted,0,0,9
judith,1,0,0,converted,0,0,8
judith,0,1,0,advisor_routed,0,0,2
judith,0,0,1,abandoned,0,0,4
judith,0,0,1,abandoned,0,0,5
judith,0,0,1,abandoned,0,0,5
judith,0,1,0,advisor_routed,0,0,1
judith,0,0,1,abandoned,0,0,8
judith,0,1,0,advisor_routed,0,0,1
judith,0,0,1,abandoned,0,0,5
judith,0,0,1,abandoned,0,0,4
judith,0,0,1,abandoned,0,0,4
judith,0,0,1,abandoned,0,0,3
judith,0,0,1,abandoned,0,0,4
judith,0,1,0,advisor_routed,0,0,2
judith,1,0,0,converted,0,0,8
judith,0,0,1,abandoned,0,0,4
judith,0,0,1,abandoned,0,0,4
judith,0,0,1,abandoned,0,0,7
judith,0,0,1,abandoned,0,0,5
judith,0,0,1,abandoned,0,0,3
judith,0,1,0,advisor_routed,0,0,2
judith,0,0,1,abandoned,0,0,4
judith,0,0,1,abandoned,0,0,3
judith,0,1,0,advisor_routed,0,0,1
judith,0,0,1,abandoned,0,0,5
judith,0,0,1,abandoned,0,0,5
judith,0,0,1,abandoned,0,0,8
judith,0,0,1,abandoned,0,0,5
judith,0,1,0,advisor_routed,0,0,1
judith,0,1,0,advisor_routed,0,0,1
judith,0,0,1,abandoned,0,0,5
judith,0,0,1,abandoned,0,0,4
judith,0,0,1,abandoned,0,0,7
judith,0,0,1,abandoned,0,0,5
judith,0,0,1,abandoned,0,0,3
judith,0,1,0,advisor_routed,0,0,2
judith,0,0,1,abandoned,0,0,4
judith,0,0,1,abandoned,0,0,3
judith,0,1,0,advisor_routed,0,0,1
judith,0,0,1,abandoned,0,0,5
judith,0,0,1,abandoned,0,0,3
judith,0,0,1,abandoned,0,0,5
judith,1,0,0,converted,0,0,9
judith,0,0,1,abandoned,0,0,4
judith,0,1,0,advisor_routed,0,0,1
judith,0,1,0,advisor_routed,0,0,1
judith,0,0,1,abandoned,0,0,7
judith,0,0,1,abandoned,0,0,8
judith,0,1,0,advisor_routed,0,0,2
judith,0,0,1,abandoned,0,0,4
judith,0,1,0,advisor_routed,0,0,2
judith,0,0,1,abandoned,0,0,4
judith,0,0,1,abandoned,0,0,5
judith,0,0,1,abandoned,0,0,8
judith,0,0,1,abandoned,0,0,3
judith,0,0,1,abandoned,0,0,5
judith,0,0,1,abandoned,0,0,4
judith,0,0,1,abandoned,0,0,4
judith,0,0,1,abandoned,0,0,4
judith,0,0,1,abandoned,0,0,4
judith,0,0,1,abandoned,0,0,5
judith,0,1,0,advisor_routed,0,0,2
judith,0,0,1,abandoned,0,0,4
judith,0,0,1,abandoned,0,0,4
judith,0,0,1,abandoned,0,0,7
judith,0,0,1,abandoned,0,0,4
judith,0,0,1,abandoned,0,0,4
judith,0,0,1,abandoned,0,0,4
judith,0,1,0,advisor_routed,0,0,1
judith,0,0,1,abandoned,0,0,7
judith,0,0,1,abandoned,0,0,5
judith,0,1,0,advisor_routed,0,0,2
judith,0,0,1,abandoned,0,0,4
judith,0,0,1,abandoned,0,0,4
judith,0,0,1,abandoned,0,0,4
judith,0,1,0,advisor_routed,0,0,1
judith,0,0,1,abandoned,0,0,4
judith,0,0,1,abandoned,0,0,4
judith,0,0,1,abandoned,0,0,5
judith,0,0,1,abandoned,0,0,4
judith,0,0,1,abandoned,0,0,5
judith,0,0,1,abandoned,0,0,5
judith,0,0,1,abandoned,0,0,4
judith,0,0,1,abandoned,0,0,4
judith,0,0,1,abandoned,0,0,5
judith,0,0,1,abandoned,0,0,8
judith,0,1,0,advisor_routed,0,0,1
judith,0,1,0,advisor_routed,0,0,2
judith,0,0,1,abandoned,0,0,3
judith,0,0,1,abandoned,0,0,4
judith,0,0,1,abandoned,0,0,5
judith,0,0,1,abandoned,0,0,4
judith,0,0,1,abandoned,0,0,8
judith,0,0,1,abandoned,0,0,3
judith,0,0,1,abandoned,0,0,6
judith,0,0,1,abandoned,0,0,5
judith,0,0,1,abandoned,0,0,4
judith,0,0,1,abandoned,0,0,4
judith,0,0,1,abandoned,0,0,5
judith,0,0,1,abandoned,0,0,5
judith,0,0,1,abandoned,0,0,7
judith,0,0,1,abandoned,0,0,4
judith,0,0,1,abandoned,0,0,8
judith,0,0,1,abandoned,0,0,5
judith,0,0,1,abandoned,0,0,4
judith,0,1,0,advisor_routed,0,0,2
judith,0,0,1,abandoned,0,0,5
judith,0,0,1,abandoned,0,0,5
judith,0,1,0,advisor_routed,0,0,1
judith,0,0,1,abandoned,0,0,5
judith,0,0,1,abandoned,0,0,5
judith,0,0,1,abandoned,0,0,5
judith,0,0,1,abandoned,0,0,7
judith,0,0,1,abandoned,0,0,5
judith,0,0,1,abandoned,0,0,3
judith,0,0,1,abandoned,0,0,7
judith,0,0,1,abandoned,0,0,5
judith,0,0,1,abandoned,0,0,5
judith,0,0,1,abandoned,0,0,5
judith,0,0,1,abandoned,0,0,4
judith,0,0,1,abandoned,0,0,5
judith,0,0,1,abandoned,0,0,4
judith,0,0,1,abandoned,0,0,5
judith,0,1,0,advisor_routed,0,0,2
judith,0,0,1,abandoned,0,0,5
judith,0,1,0,advisor_routed,0,0,1
judith,0,0,1,abandoned,0,0,5
judith,0,0,1,abandoned,0,0,7
judith,0,0,1,abandoned,0,0,5
judith,0,0,1,abandoned,0,0,5
judith,0,0,1,abandoned,0,0,3
judith,0,0,1,abandoned,0,0,4
judith,0,0,1,abandoned,0,0,8
judith,0,0,1,abandoned,0,0,5
judith,0,1,0,advisor_routed,0,0,2
judith,0,0,1,abandoned,0,0,7
judith,0,0,1,abandoned,0,0,5
judith,0,0,1,abandoned,0,0,4
judith,0,0,1,abandoned,0,0,4
judith,0,0,1,abandoned,0,0,3
judith,0,0,1,abandoned,0,0,5
judith,0,0,1,abandoned,0,0,4
judith,0,0,1,abandoned,0,0,6
judith,0,0,1,abandoned,0,0,4
judith,0,0,1,abandoned,0,0,5
judith,0,0,1,abandoned,0,0,5
judith,0,0,1,abandoned,0,0,8
judith,0,0,1,abandoned,0,0,4
judith,0,0,1,abandoned,0,0,5
judith,0,0,1,abandoned,0,0,4
judith,0,0,1,abandoned,0,0,4
judith,0,1,0,advisor_routed,0,0,2
judith,0,0,1,abandoned,0,0,5
judith,0,0,1,abandoned,0,0,4
judith,0,0,1,abandoned,0,0,4
judith,1,0,0,converted,0,0,9
judith,0,0,1,abandoned,0,0,5
judith,0,0,1,abandoned,0,0,5
judith,0,0,1,abandoned,0,0,5
judith,0,0,1,abandoned,0,0,7
judith,0,0,1,abandoned,0,0,4
judith,0,0,1,abandoned,0,0,6
judith,0,0,1,abandoned,0,0,4
judith,0,0,1,abandoned,0,0,3
judith,0,0,1,abandoned,0,0,4
judith,0,0,1,abandoned,0,0,4
judith,0,0,1,abandoned,0,0,5
judith,0,0,1,abandoned,0,0,3
judith,0,0,1,abandoned,0,0,3
judith,0,0,1,abandoned,0,0,3
judith,0,0,1,abandoned,0,0,4
judith,0,0,1,abandoned,0,0,7
judith,0,1,0,advisor_routed,0,0,2
judith,0,1,0,advisor_routed,0,0,1
judith,1,0,0,converted,0,0,8
judith,0,0,1,abandoned,0,0,6
judith,0,0,1,abandoned,0,0,5
judith,1,0,0,converted,0,0,9
judith,0,1,0,advisor_routed,0,0,2
judith,0,0,1,abandoned,0,0,5
judith,0,0,1,abandoned,0,0,5
judith,0,0,1,abandoned,0,0,5
judith,0,0,1,abandoned,0,0,5
judith,1,0,0,converted,0,0,9
judith,0,1,0,advisor_routed,0,0,2
judith,0,0,1,abandoned,0,0,4
judith,0,0,1,abandoned,0,0,4
judith,0,0,1,abandoned,0,0,5
judith,0,0,1,abandoned,0,0,3
judith,0,0,1,abandoned,0,0,5
judith,0,0,1,abandoned,0,0,6
judith,0,0,1,abandoned,0,0,4
judith,0,0,1,abandoned,0,0,5
judith,0,1,0,advisor_routed,0,0,1
judith,0,0,1,abandoned,0,0,4
judith,0,0,1,abandoned,0,0,5
judith,0,0,1,abandoned,0,0,7
judith,0,0,1,abandoned,0,0,4
judith,0,0,1,abandoned,0,0,4
judith,0,0,1,abandoned,0,0,5
judith,0,0,1,abandoned,0,0,3
judith,0,0,1,abandoned,0,0,4
judith,0,1,0,advisor_routed,0,0,2
judith,0,0,1,abandoned,0,0,7
judith,0,0,1,abandoned,0,0,5
judith,0,0,1,abandoned,0,0,7
judith,0,0,1,abandoned,0,0,3
judith,0,0,1,abandoned,0,0,4
judith,1,0,0,converted,0,0,9
judith,1,0,0,converted,0,0,9
judith,0,0,1,abandoned,0,0,8
judith,0,0,1,abandoned,0,0,5
judith,0,0,1,abandoned,0,0,4
judith,0,0,1,abandoned,0,0,3
judith,0,0,1,abandoned,0,0,5
judith,1,0,0,converted,0,0,8
judith,0,0,1,abandoned,0,0,4
judith,0,0,1,abandoned,0,0,4
judith,0,0,1,abandoned,0,0,5
judith,0,1,0,advisor_routed,0,0,1
judith,0,0,1,abandoned,0,0,3
judith,0,0,1,abandoned,0,0,5
judith,0,0,1,abandoned,0,0,3
judith,0,0,1,abandoned,0,0,5
judith,0,0,1,abandoned,0,0,3
judith,1,0,0,converted,0,0,8
judith,0,0,1,abandoned,0,0,5
judith,0,0,1,abandoned,0,0,5
judith,0,1,0,advisor_routed,0,0,1
judith,0,0,1,abandoned,0,0,7
judith,0,0,1,abandoned,0,0,8
judith,1,0,0,converted,0,0,8
judith,0,0,1,abandoned,0,0,3
judith,0,0,1,abandoned,0,0,4
judith,0,0,1,abandoned,0,0,7
judith,0,1,0,advisor_routed,0,0,1
judith,0,1,0,advisor_routed,0,0,1
judith,0,0,1,abandoned,0,0,4
judith,0,0,1,abandoned,0,0,4
judith,0,0,1,abandoned,0,0,7
judith,0,0,1,abandoned,0,0,5
judith,0,0,1,abandoned,0,0,4
judith,1,0,0,converted,0,0,8
judith,0,1,0,advisor_routed,0,0,2
judith,0,0,1,abandoned,0,0,3
judith,0,1,0,advisor_routed,0,0,1
judith,0,1,0,advisor_routed,0,0,1
judith,0,0,1,abandoned,0,0,5
judith,0,0,1,abandoned,0,0,3
judith,0,0,1,abandoned,0,0,5
judith,1,0,0,converted,0,0,8
judith,0,0,1,abandoned,0,0,3
judith,0,1,0,advisor_routed,0,0,1
judith,0,0,1,abandoned,0,0,5
judith,0,0,1,abandoned,0,0,5
judith,0,0,1,abandoned,0,0,5
judith,0,0,1,abandoned,0,0,7
judith,0,0,1,abandoned,0,0,8
judith,1,0,0,converted,0,0,8
judith,0,0,1,abandoned,0,0,4
judith,0,0,1,abandoned,0,0,4
judith,0,0,1,abandoned,0,0,4
judith,0,0,1,abandoned,0,0,4
judith,0,0,1,abandoned,0,0,4
judith,0,0,1,abandoned,0,0,4
judith,0,1,0,advisor_routed,0,0,2
judith,0,0,1,abandoned,0,0,5
judith,0,0,1,abandoned,0,0,8
judith,0,0,1,abandoned,0,0,4
judith,0,0,1,abandoned,0,0,4
judith,0,0,1,abandoned,0,0,5
judith,0,0,1,abandoned,0,0,3
judith,0,0,1,abandoned,0,0,8
judith,0,0,1,abandoned,0,0,4
judith,0,0,1,abandoned,0,0,7
judith,0,0,1,abandoned,0,0,5
judith,0,0,1,abandoned,0,0,7
judith,0,0,1,abandoned,0,0,5
judith,0,0,1,abandoned,0,0,4
judith,0,0,1,abandoned,0,0,4
judith,0,0,1,abandoned,0,0,6
judith,0,0,1,abandoned,0,0,5
judith,0,0,1,abandoned,0,0,4
judith,0,0,1,abandoned,0,0,4
judith,0,0,1,abandoned,0,0,3
judith,0,0,1,abandoned,0,0,4
judith,0,0,1,abandoned,0,0,5
judith,0,0,1,abandoned,0,0,4
judith,0,0,1,abandoned,0,0,5
judith,0,0,1,abandoned,0,0,3
judith,0,0,1,abandoned,0,0,4
judith,0,0,1,abandoned,0,0,4
judith,0,0,1,abandoned,0,0,3
judith,0,1,0,advisor_routed,0,0,1
judith,0,1,0,advisor_routed,0,0,1
judith,0,0,1,abandoned,0,0,4
judith,1,0,0,converted,0,0,9
judith,0,1,0,advisor_routed,0,0,1
judith,0,0,1,abandoned,0,0,4
judith,0,0,1,abandoned,0,0,5
judith,0,0,1,abandoned,0,0,4
judith,0,0,1,abandoned,0,0,8
judith,0,0,1,abandoned,0,0,7
judith,0,0,1,abandoned,0,0,5
judith,0,0,1,abandoned,0,0,5
judith,0,1,0,advisor_routed,0,0,1
judith,0,0,1,abandoned,0,0,5
judith,0,1,0,advisor_routed,0,0,1
judith,0,0,1,abandoned,0,0,5
judith,0,0,1,abandoned,0,0,7
judith,0,0,1,abandoned,0,0,5
judith,0,0,1,abandoned,0,0,4
judith,0,0,1,abandoned,0,0,5
judith,0,0,1,abandoned,0,0,4
judith,0,0,1,abandoned,0,0,4
judith,0,0,1,abandoned,0,0,5
judith,0,0,1,abandoned,0,0,5
judith,1,0,0,converted,0,0,8
judith,0,1,0,advisor_routed,0,0,1
judith,0,0,1,abandoned,0,0,5
judith,0,0,1,abandoned,0,0,4
judith,0,0,1,abandoned,0,0,5
judith,0,0,1,abandoned,0,0,3
judith,0,0,1,abandoned,0,0,4
judith,0,1,0,advisor_routed,0,0,1
judith,0,0,1,abandoned,0,0,5
judith,0,0,1,abandoned,0,0,4
judith,0,0,1,abandoned,0,0,5
judith,0,0,1,abandoned,0,0,7
judith,0,0,1,abandoned,0,0,5
judith,0,0,1,abandoned,0,0,9
judith,0,0,1,abandoned,0,0,5
judith,0,0,1,abandoned,0,0,4
judith,0,0,1,abandoned,0,0,8
judith,0,1,0,advisor_routed,0,0,2
judith,0,1,0,advisor_routed,0,0,1
judith,0,0,1,abandoned,0,0,4
judith,0,0,1,abandoned,0,0,4
judith,1,0,0,converted,0,0,9
judith,0,0,1,abandoned,0,0,4
judith,0,0,1,abandoned,0,0,4
judith,0,1,0,advisor_routed,0,0,2
judith,0,0,1,abandoned,0,0,4
judith,0,0,1,abandoned,0,0,3
judith,0,0,1,abandoned,0,0,5
judith,0,0,1,abandoned,0,0,4
judith,0,0,1,abandoned,0,0,4
judith,0,1,0,advisor_routed,0,0,2
judith,0,1,0,advisor_routed,0,0,1
judith,0,0,1,abandoned,0,0,5
judith,0,0,1,abandoned,0,0,3
judith,0,1,0,advisor_routed,0,0,1
judith,0,1,0,advisor_routed,0,0,1
judith,0,1,0,advisor_routed,0,0,1
judith,0,0,1,abandoned,0,0,7
judith,0,0,1,abandoned,0,0,7
judith,0,1,0,advisor_routed,0,0,1
judith,0,0,1,abandoned,0,0,3
judith,0,1,0,advisor_routed,0,0,1
judith,0,0,1,abandoned,0,0,5
judith,0,0,1,abandoned,0,0,7
judith,0,0,1,abandoned,0,0,3
judith,0,0,1,abandoned,0,0,7
judith,0,0,1,abandoned,0,0,4
judith,0,0,1,abandoned,0,0,4
judith,0,1,0,advisor_routed,0,0,1
judith,0,0,1,abandoned,0,0,4
judith,0,0,1,abandoned,0,0,5
judith,1,0,0,converted,0,0,9
judith,0,0,1,abandoned,0,0,5
judith,0,0,1,abandoned,0,0,5
judith,0,0,1,abandoned,0,0,4
judith,0,0,1,abandoned,0,0,3
judith,0,0,1,abandoned,0,0,8
judith,0,0,1,abandoned,0,0,5
judith,0,1,0,advisor_routed,0,0,1
judith,0,0,1,abandoned,0,0,3
judith,0,0,1,abandoned,0,0,5
judith,0,0,1,abandoned,0,0,7
judith,0,0,1,abandoned,0,0,5
judith,0,0,1,abandoned,0,0,6
judith,0,0,1,abandoned,0,0,5
judith,0,0,1,abandoned,0,0,7
judith,0,0,1,abandoned,0,0,5
judith,0,1,0,advisor_routed,0,0,2
judith,0,0,1,abandoned,0,0,4
judith,0,0,1,abandoned,0,0,4
judith,0,0,1,abandoned,0,0,5
judith,0,1,0,advisor_routed,0,0,1
judith,1,0,0,converted,0,0,8
judith,0,0,1,abandoned,0,0,4
judith,0,0,1,abandoned,0,0,5
judith,0,1,0,advisor_routed,0,0,2
judith,0,1,0,advisor_routed,0,0,1
judith,0,0,1,abandoned,0,0,3
judith,0,0,1,abandoned,0,0,4
judith,0,0,1,abandoned,0,0,3
judith,0,0,1,abandoned,0,0,8
judith,0,0,1,abandoned,0,0,5
judith,0,0,1,abandoned,0,0,5
judith,0,1,0,advisor_routed,0,0,1
judith,0,0,1,abandoned,0,0,4
judith,0,0,1,abandoned,0,0,5
judith,0,0,1,abandoned,0,0,8
judith,0,0,1,abandoned,0,0,4
judith,0,0,1,abandoned,0,0,4
judith,0,0,1,abandoned,0,0,5
peter,0,0,1,abandoned,0,0,7
peter,0,1,0,advisor_routed,0,0,1
peter,0,0,1,abandoned,0,0,5
peter,0,0,1,abandoned,0,0,5
peter,0,0,1,abandoned,0,0,8
peter,0,1,0,advisor_routed,0,0,1
peter,0,0,1,abandoned,0,0,5
peter,0,1,0,advisor_routed,0,0,1
peter,0,0,1,abandoned,0,0,3
peter,0,0,1,abandoned,0,0,4
peter,0,0,1,abandoned,0,0,4
peter,0,1,0,advisor_routed,0,0,1
peter,0,0,1,abandoned,0,0,6
peter,0,1,0,advisor_routed,0,0,1
peter,0,0,1,abandoned,0,0,4
peter,0,0,1,abandoned,0,0,4
peter,0,0,1,abandoned,0,0,3
peter,0,0,1,abandoned,0,0,7
peter,0,1,0,advisor_routed,0,0,2
peter,0,0,1,abandoned,0,0,4
peter,0,0,1,abandoned,0,0,4
peter,0,1,0,advisor_routed,0,0,2
peter,0,0,1,abandoned,0,0,3
peter,0,0,1,abandoned,0,0,4
peter,0,0,1,abandoned,0,0,4
peter,0,0,1,abandoned,0,0,4
peter,0,0,1,abandoned,0,0,3
peter,0,0,1,abandoned,0,0,4
peter,0,1,0,advisor_routed,0,0,2
peter,0,0,1,abandoned,0,0,4
peter,0,1,0,advisor_routed,0,0,1
peter,0,0,1,abandoned,0,0,4
peter,0,1,0,advisor_routed,0,0,1
peter,0,0,1,abandoned,0,0,4
peter,0,1,0,advisor_routed,0,0,1
peter,0,0,1,abandoned,0,0,4
peter,0,1,0,advisor_routed,0,0,2
peter,0,0,1,abandoned,0,0,4
peter,0,1,0,advisor_routed,0,0,1
peter,0,0,1,abandoned,0,0,3
peter,0,0,1,abandoned,0,0,5
peter,0,0,1,abandoned,0,0,7
peter,0,0,1,abandoned,0,0,7
peter,0,0,1,abandoned,0,0,3
peter,0,1,0,advisor_routed,0,0,1
peter,0,0,1,abandoned,0,0,4
peter,0,1,0,advisor_routed,0,0,2
peter,0,1,0,advisor_routed,0,0,2
peter,0,0,1,abandoned,0,0,4
peter,0,1,0,advisor_routed,0,0,2
peter,0,0,1,abandoned,0,0,5
peter,0,1,0,advisor_routed,0,0,2
peter,0,1,0,advisor_routed,0,0,2
peter,0,0,1,abandoned,0,0,3
peter,0,0,1,abandoned,0,0,7
peter,0,0,1,abandoned,0,0,4
peter,0,1,0,advisor_routed,0,0,1
peter,0,0,1,abandoned,0,0,4
peter,0,1,0,advisor_routed,0,0,1
peter,0,0,1,abandoned,0,0,4
peter,0,1,0,advisor_routed,0,0,1
peter,0,1,0,advisor_routed,0,0,1
peter,0,0,1,abandoned,0,0,3
peter,0,0,1,abandoned,0,0,5
peter,0,0,1,abandoned,0,0,4
peter,0,1,0,advisor_routed,0,0,1
peter,0,0,1,abandoned,0,0,4
peter,0,1,0,advisor_routed,0,0,1
peter,0,1,0,advisor_routed,0,0,1
peter,0,0,1,abandoned,0,0,4
peter,0,1,0,advisor_routed,0,0,1
peter,0,0,1,abandoned,0,0,4
peter,0,1,0,advisor_routed,0,0,2
peter,0,0,1,abandoned,0,0,7
peter,0,1,0,advisor_routed,0,0,2
peter,0,1,0,advisor_routed,0,0,1
peter,0,1,0,advisor_routed,0,0,1
peter,0,1,0,advisor_routed,0,0,1
peter,0,0,1,abandoned,0,0,4
peter,0,1,0,advisor_routed,0,0,1
peter,0,0,1,abandoned,0,0,3
peter,0,0,1,abandoned,0,0,4
peter,0,0,1,abandoned,0,0,5
peter,0,0,1,abandoned,0,0,4
peter,0,1,0,advisor_routed,0,0,1
peter,0,0,1,abandoned,0,0,7
peter,0,1,0,advisor_routed,0,0,1
peter,0,0,1,abandoned,0,0,3
peter,0,1,0,advisor_routed,0,0,1
peter,0,0,1,abandoned,0,0,4
peter,0,1,0,advisor_routed,0,0,1
peter,0,0,1,abandoned,0,0,3
peter,0,0,1,abandoned,0,0,4
peter,0,0,1,abandoned,0,0,4
peter,0,1,0,advisor_routed,0,0,2
peter,0,0,1,abandoned,0,0,4
peter,0,0,1,abandoned,0,0,4
peter,0,0,1,abandoned,0,0,7
peter,0,0,1,abandoned,0,0,3
peter,0,0,1,abandoned,0,0,4
peter,0,0,1,abandoned,0,0,5
peter,0,1,0,advisor_routed,0,0,1
peter,0,0,1,abandoned,0,0,4
peter,0,0,1,abandoned,0,0,4
peter,0,1,0,advisor_routed,0,0,1
peter,0,1,0,advisor_routed,0,0,1
peter,0,0,1,abandoned,0,0,3
peter,0,0,1,abandoned,0,0,3
peter,0,0,1,abandoned,0,0,4
peter,0,0,1,abandoned,0,0,6
peter,0,1,0,advisor_routed,0,0,1
peter,0,0,1,abandoned,0,0,3
peter,0,1,0,advisor_routed,0,0,1
peter,0,0,1,abandoned,0,0,5
peter,0,0,1,abandoned,0,0,5
peter,0,0,1,abandoned,0,0,7
peter,0,0,1,abandoned,0,0,7
peter,0,0,1,abandoned,0,0,4
peter,0,0,1,abandoned,0,0,4
peter,1,0,0,converted,0,0,8
peter,0,0,1,abandoned,0,0,3
peter,0,1,0,advisor_routed,0,0,1
peter,0,1,0,advisor_routed,0,0,1
peter,0,0,1,abandoned,0,0,3
peter,0,1,0,advisor_routed,0,0,1
peter,0,1,0,advisor_routed,0,0,1
peter,0,0,1,abandoned,0,0,4
peter,0,0,1,abandoned,0,0,5
peter,0,0,1,abandoned,0,0,3
peter,0,1,0,advisor_routed,0,0,2
peter,0,0,1,abandoned,0,0,8
peter,0,0,1,abandoned,0,0,4
peter,0,0,1,abandoned,0,0,4
peter,0,1,0,advisor_routed,0,0,2
peter,0,1,0,advisor_routed,0,0,1
peter,0,1,0,advisor_routed,0,0,1
peter,0,0,1,abandoned,0,0,5
peter,0,0,1,abandoned,0,0,4
peter,0,1,0,advisor_routed,0,0,1
peter,0,0,1,abandoned,0,0,5
peter,0,1,0,advisor_routed,0,0,2
peter,0,1,0,advisor_routed,0,0,1
peter,0,0,1,abandoned,0,0,4
peter,0,0,1,abandoned,0,0,5
peter,0,0,1,abandoned,0,0,4
peter,0,0,1,abandoned,0,0,3
peter,0,1,0,advisor_routed,0,0,2
peter,0,1,0,advisor_routed,0,0,2
peter,0,0,1,abandoned,0,0,5
peter,0,0,1,abandoned,0,0,3
peter,0,0,1,abandoned,0,0,4
peter,0,1,0,advisor_routed,0,0,2
peter,0,1,0,advisor_routed,0,0,1
peter,0,0,1,abandoned,0,0,3
peter,0,1,0,advisor_routed,0,0,1
peter,0,1,0,advisor_routed,0,0,1
peter,0,1,0,advisor_routed,0,0,2
peter,0,0,1,abandoned,0,0,5
peter,0,0,1,abandoned,0,0,4
peter,0,0,1,abandoned,0,0,8
peter,0,0,1,abandoned,0,0,3
peter,0,0,1,abandoned,0,0,3
peter,0,1,0,advisor_routed,0,0,2
peter,0,0,1,abandoned,0,0,3
peter,0,1,0,advisor_routed,0,0,1
peter,0,1,0,advisor_routed,0,0,1
peter,0,0,1,abandoned,0,0,4
peter,0,0,1,abandoned,0,0,4
peter,0,0,1,abandoned,0,0,4
peter,0,0,1,abandoned,0,0,4
peter,0,0,1,abandoned,0,0,4
peter,0,1,0,advisor_routed,0,0,2
peter,0,1,0,advisor_routed,0,0,2
peter,0,1,0,advisor_routed,0,0,2
peter,0,0,1,abandoned,0,0,4
peter,0,0,1,abandoned,0,0,7
peter,0,1,0,advisor_routed,0,0,2
peter,0,1,0,advisor_routed,0,0,2
peter,0,0,1,abandoned,0,0,5
peter,0,1,0,advisor_routed,0,0,2
peter,0,0,1,abandoned,0,0,7
peter,0,0,1,abandoned,0,0,4
peter,0,0,1,abandoned,0,0,5
peter,0,0,1,abandoned,0,0,4
peter,0,1,0,advisor_routed,0,0,1
peter,0,1,0,advisor_routed,0,0,2
peter,0,1,0,advisor_routed,0,0,1
peter,0,0,1,abandoned,0,0,7
peter,0,0,1,abandoned,0,0,4
peter,0,0,1,abandoned,0,0,7
peter,0,0,1,abandoned,0,0,4
peter,0,0,1,abandoned,0,0,5
peter,1,0,0,converted,0,0,8
peter,0,0,1,abandoned,0,0,3
peter,0,0,1,abandoned,0,0,3
peter,0,1,0,advisor_routed,0,0,1
peter,0,0,1,abandoned,0,0,3
peter,0,0,1,abandoned,0,0,7
peter,0,1,0,advisor_routed,0,0,1
peter,0,0,1,abandoned,0,0,3
peter,0,0,1,abandoned,0,0,4
peter,0,0,1,abandoned,0,0,4
peter,0,1,0,advisor_routed,0,0,1
peter,0,0,1,abandoned,0,0,7
peter,0,0,1,abandoned,0,0,4
peter,0,0,1,abandoned,0,0,4
peter,0,0,1,abandoned,0,0,4
peter,0,0,1,abandoned,0,0,4
peter,0,0,1,abandoned,0,0,5
peter,0,0,1,abandoned,0,0,3
peter,0,1,0,advisor_routed,0,0,2
peter,0,0,1,abandoned,0,0,5
peter,0,0,1,abandoned,0,0,4
peter,0,1,0,advisor_routed,0,0,1
peter,0,1,0,advisor_routed,0,0,1
peter,0,0,1,abandoned,0,0,3
peter,0,0,1,abandoned,0,0,4
peter,0,1,0,advisor_routed,0,0,1
peter,0,0,1,abandoned,0,0,7
peter,0,0,1,abandoned,0,0,4
peter,0,1,0,advisor_routed,0,0,2
peter,0,0,1,abandoned,0,0,3
peter,0,0,1,abandoned,0,0,5
peter,0,0,1,abandoned,0,0,4
peter,0,0,1,abandoned,0,0,4
peter,0,1,0,advisor_routed,0,0,1
peter,0,1,0,advisor_routed,0,0,1
peter,0,1,0,advisor_routed,0,0,1
peter,0,0,1,abandoned,0,0,3
peter,0,0,1,abandoned,0,0,3
peter,0,1,0,advisor_routed,0,0,1
peter,0,0,1,abandoned,0,0,4
peter,0,0,1,abandoned,0,0,7
peter,0,0,1,abandoned,0,0,3
peter,0,1,0,advisor_routed,0,0,1
peter,0,0,1,abandoned,0,0,4
peter,0,1,0,advisor_routed,0,0,1
peter,0,1,0,advisor_routed,0,0,2
peter,0,1,0,advisor_routed,0,0,1
peter,0,0,1,abandoned,0,0,4
peter,0,1,0,advisor_routed,0,0,1
peter,0,0,1,abandoned,0,0,4
peter,0,0,1,abandoned,0,0,5
peter,0,1,0,advisor_routed,0,0,2
peter,0,0,1,abandoned,0,0,5
peter,0,1,0,advisor_routed,0,0,2
peter,0,1,0,advisor_routed,0,0,1
peter,0,0,1,abandoned,0,0,4
peter,0,0,1,abandoned,0,0,4
peter,0,0,1,abandoned,0,0,3
peter,0,1,0,advisor_routed,0,0,1
peter,0,0,1,abandoned,0,0,4
peter,0,0,1,abandoned,0,0,4
peter,0,0,1,abandoned,0,0,4
peter,0,0,1,abandoned,0,0,4
peter,0,0,1,abandoned,0,0,4
peter,0,0,1,abandoned,0,0,4
peter,0,0,1,abandoned,0,0,4
peter,0,1,0,advisor_routed,0,0,1
peter,0,0,1,abandoned,0,0,4
peter,0,1,0,advisor_routed,0,0,1
peter,0,1,0,advisor_routed,0,0,2
peter,0,0,1,abandoned,0,0,5
peter,0,0,1,abandoned,0,0,3
peter,0,0,1,abandoned,0,0,3
peter,0,0,1,abandoned,0,0,4
peter,0,0,1,abandoned,0,0,4
peter,0,0,1,abandoned,0,0,6
peter,0,1,0,advisor_routed,0,0,1
peter,0,0,1,abandoned,0,0,4
peter,0,1,0,advisor_routed,0,0,1
peter,0,1,0,advisor_routed,0,0,1
peter,0,1,0,advisor_routed,0,0,1
peter,0,1,0,advisor_routed,0,0,1
peter,0,1,0,advisor_routed,0,0,1
peter,0,0,1,abandoned,0,0,3
peter,0,0,1,abandoned,0,0,3
peter,0,0,1,abandoned,0,0,3
peter,0,0,1,abandoned,0,0,4
peter,0,0,1,abandoned,0,0,4
peter,0,1,0,advisor_routed,0,0,1
peter,0,1,0,advisor_routed,0,0,2
peter,0,1,0,advisor_routed,0,0,1
peter,0,1,0,advisor_routed,0,0,1
peter,0,1,0,advisor_routed,0,0,1
peter,0,0,1,abandoned,0,0,4
peter,1,0,0,converted,0,0,8
peter,0,0,1,abandoned,0,0,5
peter,0,0,1,abandoned,0,0,3
peter,0,0,1,abandoned,0,0,3
peter,0,0,1,abandoned,0,0,7
peter,0,0,1,abandoned,0,0,7
peter,0,0,1,abandoned,0,0,6
peter,0,0,1,abandoned,0,0,4
peter,0,0,1,abandoned,0,0,5
peter,0,0,1,abandoned,0,0,4
peter,0,0,1,abandoned,0,0,4
peter,0,1,0,advisor_routed,0,0,1
peter,0,0,1,abandoned,0,0,5
peter,0,1,0,advisor_routed,0,0,1
peter,0,0,1,abandoned,0,0,5
peter,0,0,1,abandoned,0,0,4
peter,0,1,0,advisor_routed,0,0,1
peter,0,0,1,abandoned,0,0,3
peter,0,1,0,advisor_routed,0,0,2
peter,0,1,0,advisor_routed,0,0,2
peter,0,1,0,advisor_routed,0,0,2
peter,0,1,0,advisor_routed,0,0,2
peter,0,0,1,abandoned,0,0,4
peter,0,0,1,abandoned,0,0,4
peter,0,0,1,abandoned,0,0,3
peter,0,1,0,advisor_routed,0,0,1
peter,0,1,0,advisor_routed,0,0,1
peter,0,1,0,advisor_routed,0,0,1
peter,0,0,1,abandoned,0,0,4
peter,0,0,1,abandoned,0,0,4
peter,0,1,0,advisor_routed,0,0,1
peter,0,1,0,advisor_routed,0,0,2
peter,0,0,1,abandoned,0,0,3
peter,0,1,0,advisor_routed,0,0,2
peter,0,1,0,advisor_routed,0,0,2
peter,0,0,1,abandoned,0,0,4
peter,0,1,0,advisor_routed,0,0,2
peter,0,0,1,abandoned,0,0,4
peter,0,1,0,advisor_routed,0,0,2
peter,0,0,1,abandoned,0,0,5
peter,0,0,1,abandoned,0,0,4
peter,0,1,0,advisor_routed,0,0,1
peter,0,1,0,advisor_routed,0,0,1
peter,0,1,0,advisor_routed,0,0,1
peter,0,1,0,advisor_routed,0,0,1
peter,0,0,1,abandoned,0,0,7
peter,0,0,1,abandoned,0,0,3
peter,0,0,1,abandoned,0,0,4
peter,0,0,1,abandoned,0,0,4
peter,0,0,1,abandoned,0,0,4
peter,0,0,1,abandoned,0,0,5
peter,0,0,1,abandoned,0,0,8
peter,0,0,1,abandoned,0,0,3
peter,0,1,0,advisor_routed,0,0,1
peter,0,1,0,advisor_routed,0,0,1
peter,0,0,1,abandoned,0,0,3
peter,0,0,1,abandoned,0,0,4
peter,0,0,1,abandoned,0,0,5
peter,0,0,1,abandoned,0,0,4
peter,0,1,0,advisor_routed,0,0,1
peter,0,1,0,advisor_routed,0,0,2
peter,0,1,0,advisor_routed,0,0,1
peter,0,0,1,abandoned,0,0,4
peter,0,1,0,advisor_routed,0,0,1
peter,0,1,0,advisor_routed,0,0,1
peter,0,0,1,abandoned,0,0,4
peter,0,1,0,advisor_routed,0,0,1
peter,0,1,0,advisor_routed,0,0,1
peter,0,0,1,abandoned,0,0,8
peter,0,1,0,advisor_routed,0,0,2
peter,0,0,1,abandoned,0,0,5
peter,0,0,1,abandoned,0,0,4
peter,0,0,1,abandoned,0,0,7
peter,0,0,1,abandoned,0,0,4
peter,0,0,1,abandoned,0,0,7
peter,0,0,1,abandoned,0,0,3
peter,0,1,0,advisor_routed,0,0,1
peter,0,1,0,advisor_routed,0,0,1
peter,0,0,1,abandoned,0,0,3
peter,0,1,0,advisor_routed,0,0,1
peter,0,0,1,abandoned,0,0,4
peter,0,0,1,abandoned,0,0,7
peter,0,0,1,abandoned,0,0,6
peter,0,0,1,abandoned,0,0,3
peter,0,1,0,advisor_routed,0,0,1
peter,0,0,1,abandoned,0,0,4
peter,0,0,1,abandoned,0,0,3
peter,0,1,0,advisor_routed,0,0,2
peter,0,0,1,abandoned,0,0,7
peter,0,0,1,abandoned,0,0,3
peter,0,0,1,abandoned,0,0,4
peter,0,1,0,advisor_routed,0,0,2
peter,0,0,1,abandoned,0,0,3
peter,0,1,0,advisor_routed,0,0,2
peter,0,0,1,abandoned,0,0,7
peter,0,1,0,advisor_routed,0,0,1
peter,1,0,0,converted,0,0,8
peter,0,0,1,abandoned,0,0,5
peter,1,0,0,converted,0,0,8
peter,0,0,1,abandoned,0,0,4
peter,0,1,0,advisor_routed,0,0,1
peter,0,0,1,abandoned,0,0,4
peter,0,1,0,advisor_routed,0,0,2
peter,0,1,0,advisor_routed,0,0,2
peter,0,0,1,abandoned,0,0,4
peter,0,0,1,abandoned,0,0,5
peter,0,0,1,abandoned,0,0,3
peter,0,1,0,advisor_routed,0,0,1
peter,0,0,1,abandoned,0,0,4
peter,0,1,0,advisor_routed,0,0,1
peter,0,0,1,abandoned,0,0,7
peter,0,0,1,abandoned,0,0,4
peter,0,0,1,abandoned,0,0,4
peter,0,1,0,advisor_routed,0,0,2
peter,0,1,0,advisor_routed,0,0,2
peter,0,1,0,advisor_routed,0,0,1
peter,0,0,1,abandoned,0,0,5
peter,0,0,1,abandoned,0,0,4
peter,0,0,1,abandoned,0,0,5
peter,0,1,0,advisor_routed,0,0,1
peter,0,0,1,abandoned,0,0,3
peter,0,0,1,abandoned,0,0,7
peter,0,0,1,abandoned,0,0,4
peter,0,0,1,abandoned,0,0,4
peter,0,0,1,abandoned,0,0,5
peter,0,0,1,abandoned,0,0,5
peter,0,0,1,abandoned,0,0,4
peter,0,0,1,abandoned,0,0,4
peter,0,1,0,advisor_routed,0,0,2
peter,0,0,1,abandoned,0,0,4
peter,0,1,0,advisor_routed,0,0,1
peter,0,0,1,abandoned,0,0,4
peter,0,1,0,advisor_routed,0,0,1
peter,0,1,0,advisor_routed,0,0,2
peter,0,0,1,abandoned,0,0,5
peter,0,0,1,abandoned,0,0,5
peter,0,0,1,abandoned,0,0,4
peter,0,0,1,abandoned,0,0,7
peter,0,1,0,advisor_routed,0,0,2
peter,0,0,1,abandoned,0,0,5
peter,0,0,1,abandoned,0,0,4
peter,0,0,1,abandoned,0,0,7
peter,0,1,0,advisor_routed,0,0,2
peter,0,1,0,advisor_routed,0,0,1
peter,0,0,1,abandoned,0,0,5
peter,0,0,1,abandoned,0,0,3
peter,0,0,1,abandoned,0,0,3
peter,0,1,0,advisor_routed,0,0,1
peter,0,0,1,abandoned,0,0,3
peter,1,0,0,converted,0,0,9
peter,0,0,1,abandoned,0,0,3
peter,0,0,1,abandoned,0,0,6
peter,0,0,1,abandoned,0,0,7
peter,0,0,1,abandoned,0,0,3
peter,0,0,1,abandoned,0,0,3
peter,0,0,1,abandoned,0,0,4
peter,0,1,0,advisor_routed,0,0,1
peter,0,0,1,abandoned,0,0,4
peter,0,0,1,abandoned,0,0,4
peter,0,0,1,abandoned,0,0,4
peter,0,1,0,advisor_routed,0,0,2
peter,0,1,0,advisor_routed,0,0,2
peter,0,1,0,advisor_routed,0,0,1
peter,0,0,1,abandoned,0,0,4
peter,0,0,1,abandoned,0,0,4
peter,0,0,1,abandoned,0,0,4
peter,0,0,1,abandoned,0,0,4
peter,0,0,1,abandoned,0,0,3
peter,0,1,0,advisor_routed,0,0,1
peter,0,0,1,abandoned,0,0,3
peter,0,1,0,advisor_routed,0,0,1
peter,0,0,1,abandoned,0,0,6
peter,0,0,1,abandoned,0,0,4
peter,0,1,0,advisor_routed,0,0,1
peter,0,1,0,advisor_routed,0,0,1
peter,0,0,1,abandoned,0,0,3
peter,0,1,0,advisor_routed,0,0,1
peter,0,1,0,advisor_routed,0,0,2
peter,0,0,1,abandoned,0,0,4
peter,0,1,0,advisor_routed,0,0,2
peter,0,0,1,abandoned,0,0,3
peter,0,0,1,abandoned,0,0,3
peter,0,1,0,advisor_routed,0,0,1
peter,0,0,1,abandoned,0,0,4
peter,0,1,0,advisor_routed,0,0,1
peter,0,1,0,advisor_routed,0,0,1
peter,0,1,0,advisor_routed,0,0,1
peter,0,0,1,abandoned,0,0,4
peter,0,0,1,abandoned,0,0,4
peter,0,0,1,abandoned,0,0,3
peter,0,1,0,advisor_routed,0,0,1
peter,0,0,1,abandoned,0,0,4
peter,0,1,0,advisor_routed,0,0,1
peter,0,0,1,abandoned,0,0,3
peter,0,1,0,advisor_routed,0,0,2
peter,0,1,0,advisor_routed,0,0,1
peter,0,1,0,advisor_routed,0,0,1
peter,0,0,1,abandoned,0,0,7
peter,0,1,0,advisor_routed,0,0,1
peter,0,0,1,abandoned,0,0,5
peter,0,1,0,advisor_routed,0,0,1
peter,0,0,1,abandoned,0,0,3
peter,0,1,0,advisor_routed,0,0,1
peter,0,1,0,advisor_routed,0,0,1
peter,0,0,1,abandoned,0,0,8
peter,0,1,0,advisor_routed,0,0,1
peter,0,0,1,abandoned,0,0,4
peter,0,0,1,abandoned,0,0,5
peter,0,1,0,advisor_routed,0,0,1
peter,0,1,0,advisor_routed,0,0,1
peter,0,0,1,abandoned,0,0,8
peter,0,1,0,advisor_routed,0,0,1
peter,0,0,1,abandoned,0,0,4
peter,0,0,1,abandoned,0,0,3
